USE [folha_db]
GO
/****** Object:  Table [dbo].[Unidades]    Script Date: 01/30/2016 16:49:17 ******/
SET ANSI_NULLS ON
GO
SET QUOTED_IDENTIFIER ON
GO
SET ANSI_PADDING ON
GO
CREATE TABLE [dbo].[Unidades](
	[Id] [int] IDENTITY(1,1) NOT NULL,
	[NomeUnidade] [varchar](80) NULL,
 CONSTRAINT [PK_dbo.Unidades] PRIMARY KEY CLUSTERED 
(
	[Id] ASC
)WITH (PAD_INDEX  = OFF, STATISTICS_NORECOMPUTE  = OFF, IGNORE_DUP_KEY = OFF, ALLOW_ROW_LOCKS  = ON, ALLOW_PAGE_LOCKS  = ON) ON [PRIMARY]
) ON [PRIMARY]
GO
SET ANSI_PADDING OFF
GO
SET IDENTITY_INSERT [dbo].[Unidades] ON
INSERT [dbo].[Unidades] ([Id], [NomeUnidade]) VALUES (1, N'Presidente Vargas')
INSERT [dbo].[Unidades] ([Id], [NomeUnidade]) VALUES (2, N'Nazaré')
SET IDENTITY_INSERT [dbo].[Unidades] OFF
/****** Object:  Table [dbo].[Perfil]    Script Date: 01/30/2016 16:49:17 ******/
SET ANSI_NULLS ON
GO
SET QUOTED_IDENTIFIER ON
GO
SET ANSI_PADDING ON
GO
CREATE TABLE [dbo].[Perfil](
	[Id] [int] IDENTITY(1,1) NOT NULL,
	[NomePergil] [varchar](80) NULL,
	[Peso] [int] NOT NULL,
 CONSTRAINT [PK_dbo.Perfil] PRIMARY KEY CLUSTERED 
(
	[Id] ASC
)WITH (PAD_INDEX  = OFF, STATISTICS_NORECOMPUTE  = OFF, IGNORE_DUP_KEY = OFF, ALLOW_ROW_LOCKS  = ON, ALLOW_PAGE_LOCKS  = ON) ON [PRIMARY]
) ON [PRIMARY]
GO
SET ANSI_PADDING OFF
GO
SET IDENTITY_INSERT [dbo].[Perfil] ON
INSERT [dbo].[Perfil] ([Id], [NomePergil], [Peso]) VALUES (1, N'Usuário', 100)
INSERT [dbo].[Perfil] ([Id], [NomePergil], [Peso]) VALUES (2, N'Gerente', 200)
INSERT [dbo].[Perfil] ([Id], [NomePergil], [Peso]) VALUES (3, N'Administrador', 400)
SET IDENTITY_INSERT [dbo].[Perfil] OFF
/****** Object:  Table [dbo].[Menus]    Script Date: 01/30/2016 16:49:17 ******/
SET ANSI_NULLS ON
GO
SET QUOTED_IDENTIFIER ON
GO
SET ANSI_PADDING ON
GO
CREATE TABLE [dbo].[Menus](
	[Id] [int] IDENTITY(1,1) NOT NULL,
	[Action] [varchar](80) NULL,
	[Controller] [varchar](80) NULL,
	[Imagem] [varchar](120) NULL,
	[Peso] [int] NOT NULL,
 CONSTRAINT [PK_dbo.Menus] PRIMARY KEY CLUSTERED 
(
	[Id] ASC
)WITH (PAD_INDEX  = OFF, STATISTICS_NORECOMPUTE  = OFF, IGNORE_DUP_KEY = OFF, ALLOW_ROW_LOCKS  = ON, ALLOW_PAGE_LOCKS  = ON) ON [PRIMARY]
) ON [PRIMARY]
GO
SET ANSI_PADDING OFF
GO
SET IDENTITY_INSERT [dbo].[Menus] ON
INSERT [dbo].[Menus] ([Id], [Action], [Controller], [Imagem], [Peso]) VALUES (1, N'Index', N'Cargo', N'cadCargo.png', 400)
INSERT [dbo].[Menus] ([Id], [Action], [Controller], [Imagem], [Peso]) VALUES (2, N'Index', N'Funcionario', N'cadFuncionarios.png', 400)
INSERT [dbo].[Menus] ([Id], [Action], [Controller], [Imagem], [Peso]) VALUES (3, N'Index', N'Menu', N'cadMenus.png', 400)
INSERT [dbo].[Menus] ([Id], [Action], [Controller], [Imagem], [Peso]) VALUES (4, N'Index', N'Perfil', N'cadPerfil.png', 400)
INSERT [dbo].[Menus] ([Id], [Action], [Controller], [Imagem], [Peso]) VALUES (5, N'Index', N'Unidade', N'cadUnidades.png', 400)
INSERT [dbo].[Menus] ([Id], [Action], [Controller], [Imagem], [Peso]) VALUES (6, N'RelatorioMetas', N'Frequencia', N'visFrequencia.png', 200)
INSERT [dbo].[Menus] ([Id], [Action], [Controller], [Imagem], [Peso]) VALUES (7, N'Index', N'Jornada', N'cadJornada.png', 200)
INSERT [dbo].[Menus] ([Id], [Action], [Controller], [Imagem], [Peso]) VALUES (8, N'Index', N'Frequencia', N'minhaFrequencia.png', 100)
INSERT [dbo].[Menus] ([Id], [Action], [Controller], [Imagem], [Peso]) VALUES (9, N'Index', N'Justificativa', N'fazerJustificativa.png', 100)
SET IDENTITY_INSERT [dbo].[Menus] OFF
/****** Object:  Table [dbo].[Cargos]    Script Date: 01/30/2016 16:49:17 ******/
SET ANSI_NULLS ON
GO
SET QUOTED_IDENTIFIER ON
GO
SET ANSI_PADDING ON
GO
CREATE TABLE [dbo].[Cargos](
	[Id] [int] IDENTITY(1,1) NOT NULL,
	[NomeCargo] [varchar](80) NULL,
 CONSTRAINT [PK_dbo.Cargos] PRIMARY KEY CLUSTERED 
(
	[Id] ASC
)WITH (PAD_INDEX  = OFF, STATISTICS_NORECOMPUTE  = OFF, IGNORE_DUP_KEY = OFF, ALLOW_ROW_LOCKS  = ON, ALLOW_PAGE_LOCKS  = ON) ON [PRIMARY]
) ON [PRIMARY]
GO
SET ANSI_PADDING OFF
GO
SET IDENTITY_INSERT [dbo].[Cargos] ON
INSERT [dbo].[Cargos] ([Id], [NomeCargo]) VALUES (3, N'Padrão')
INSERT [dbo].[Cargos] ([Id], [NomeCargo]) VALUES (4, N'Função de confiança')
INSERT [dbo].[Cargos] ([Id], [NomeCargo]) VALUES (5, N'Motorista')
SET IDENTITY_INSERT [dbo].[Cargos] OFF
/****** Object:  Table [dbo].[__MigrationHistory]    Script Date: 01/30/2016 16:49:17 ******/
SET ANSI_NULLS ON
GO
SET QUOTED_IDENTIFIER ON
GO
SET ANSI_PADDING ON
GO
CREATE TABLE [dbo].[__MigrationHistory](
	[MigrationId] [nvarchar](150) NOT NULL,
	[ContextKey] [nvarchar](300) NOT NULL,
	[Model] [varbinary](max) NOT NULL,
	[ProductVersion] [nvarchar](32) NOT NULL,
 CONSTRAINT [PK_dbo.__MigrationHistory] PRIMARY KEY CLUSTERED 
(
	[MigrationId] ASC,
	[ContextKey] ASC
)WITH (PAD_INDEX  = OFF, STATISTICS_NORECOMPUTE  = OFF, IGNORE_DUP_KEY = OFF, ALLOW_ROW_LOCKS  = ON, ALLOW_PAGE_LOCKS  = ON) ON [PRIMARY]
) ON [PRIMARY] TEXTIMAGE_ON [PRIMARY]
GO
SET ANSI_PADDING OFF
GO
INSERT [dbo].[__MigrationHistory] ([MigrationId], [ContextKey], [Model], [ProductVersion]) VALUES (N'201601300310574_InicializacaoDb', N'FolhaPonto.Negocio.Migrations.Configuration', 0x1F8B0800000000000400ED5D5F6FDCB8117F2FD0EF20EC535BF8BC7182435363F70E3927EEF91A3B46D609FA16D02B7A2D547FF624AD61A3E827BB87FB48FD0A25258AE25F89A4A88D363502043645FE861CCE0CC92167FCDFDF7E5FFCF898C4C103CC8B284B97B393E317B300A6EB2C8CD2CD72B62BEFBE7B3DFBF1873FFE61F12E4C1E83CF4DBD57B81E6A9916CBD97D596E4FE7F3627D0F13501C27D13ACF8AECAE3C5E67C91C84D9FCE58B177F9B9F9CCC21829821AC20587CDCA56594C0EA17F4EB5996AEE1B6DC81F8320B615C9072F46555A106572081C516ACE172769EC5F7E03A4BCBECF80A6EB27594CD82377104504F5630BE9B05204DB31294A89FA79F0AB82AF32CDDACB6A800C4374F5B88EADD81B880A4FFA76D75D3A1BC788987326F1B3650EB5D51668925E0C92BC29BB9D8DC89C333CA3BC4BD7788CBE5131E75C5C1E5EC0CE49BEC12714CA4757A16E7B89E8ABFC7D5A41C93B647815CE3884A061220FCEF2838DBC5E52E87CB14EECA1CC447C1F5EE368ED6FF804F37D9BF60BA4C7771CCF615F5167DE30A50D1759E6D615E3E7D8477640417E12C98F3EDE66243DA8C69530FEE222D5FBD9C05578838B88D2115058611AB32CBE1DF610A7350C2F01A9425CC538C012B664AD4055A5759022B4E35249100225D9A0597E0F13D4C37E5FD72F61A29CF79F408C3A680F4E2531A21CD436DCA7C07254257E021DA547D14489EEF52340729C8A3AC98051F615C552AEEA36DAD12C74C85CBEC0BE9DD799E251FB3986FDF7CFE7283FE87251A43A6AFB3CA76F9DAA29FBF64790A42A0EE23F9A8EA9FF049EA9BF85DD5AFC5BCD5854E0DE106EAA4271CC2B3B674D2AA26AC9F603708529B108470280C11A3A130D730BF8BE2A128D88C745890133713221079978028EEA2F2D20B953484395C7719443FC3B98131BCCBD24EBE7DEF81CEFB6C13A5DECDBB406405D37BD041042DF95E17116275FDAC1E8D05EE5A3D1A2B6EBCCAE5F0D71DDA9A469A05A4FD8E483004B9BE6AEAC8CB9DAEA2E39A67C0585A53C75A52A187B94D2D5BF6FE8216BAE82E5AA36F0FBA259AADA26772473579E9EEA86BCBEADAF01A70BAA9A86374FDBD87CFA4922D9BC95A65D04B5A53D74D52A1A79F4D2D5547CD37458C3AB8ED891880E72D51272D66FA866E22DE82922E21E8677813E14D8525081286BCB24B354E8D718D16F4A87605FCD51A71059048A211C1FC01C49947E0CF595C8E025CF5D823DECF590E6E72700B901EB4C06F116202620EFBE4F52C58AD0146B69FFF8B4298BC9F32642140EA00A49E33773CF5540DEC9F358CC991DAFF664332D87DBB12279B4D4FC54E069BB67EB6D6E31F60B139F06F6631AA6FC37503936D26A9ADDBA82BAC4BD82E5186300E47180BE792A89C3AE7D348CE39E35340B7834E3C2BB859107E73EE6647788C676B72507BBF8B34AAEE57BCD98FF328F16A8D1ECB2EB712FA712C47FB580764C9FC181CA69D94BB3EBF3A6A75D3F8599D7B9DB888559B4E27AB176FE1352C6C57635F2B96A137A57BBD125C2E4E124D3C1D8E224D5B3FCB74AF4C53D7D4446F388D5D67DD42293AD89CA4F212A63B4791AC9B3ECB6327AD37EBFAA9C4B8F6F50C713FCFE218E66353BA48C006261D54FC5CCAD92E183A797F53144820AB99545DA093F316DF9577691818DC1DD50C90B41B3103897AB445C28DFAB39CFD451A6A373ED5F9169FBE8AE1914F2464A41630C772096224110552B4282D651D8A10D52D88FB3B21343554403C1B9488F8E52DDCC214EB4E3F8B4DA853FF86DC054A49B00E7D4C5ACC19A1E991259D9B4D3BE1BD3E3746AAB84B0D0BA1EABD4434945C5FF2D5D39F7D08590FDB4DBA209C7DBF8ABC897E229D08689D46EDCC33EE5773D1D2BE74DA97ADD274600F22A461E901D828A5FFCE6C4592AEF4BDAF7992BBD040424759F7848EEC7DE513586D429F7910F675AC51873B496B414C7C4B8C0C882E5E0B5B65F2CC63BF2BA14197F661C9FAA7E050D643A5A7C7CCF0888F68BC5B36D1AFD412685D9B7BB06B7C37F66ED678369B906FDFA74E40A41A4F8DD9944B2F9EBC0B95E4186A2930EEC53D8895D091BDCB95C06A13FACC33EC3D4856ED8EC07E19D402E68D746157192E848FA5C2E7F6A980C4ED5610378928161874054B766759CC82D6F721EEC225B9E20178C7A50423486D1F18FB0256C6E28EB33D506D288684C36C0BFB408427A33294B8BBE801AC4C930AA8B5E83D08440655188CFEF68060BFAB0AA171E50ACD1901554E7CFBEA80A9D9F1B65AD41D3377191D842874922E9AB9C718BC460B4437303F7013A6685F4D293863E4FAB173FEB03C6275A98B457DCE1E43BE3B704B7AB42233A9D35F61E4B160BADFDA840E7EE83C14A3888BFA654C9F16298FE01687F0E19A241EBA0D98EC221F5DAF0D14B2627A9AB43E4FB2C31396842E4932383F8EA75CEA3BEC3ED1529D80CCCF40C3054B38F33080CDD2E99931F426B58F33CA8DBCC5567E386FC4AD3B83D8EE0A8CD9D3DC77D10D26FDB698D731E9A46031D704AF2F2EC1761BA51B26989D9404AB3A92FDECBB957D88775263CCD78522D29BF696522AB31C6CA0F015DF6786F03CCA8B123F13BB05F8B6EF2C4CA46ADC765AB3696A48713B6679D29ABD54531DFFCCECD9F9FBEF667B2D1F3B48F37334AA049F5DAADB6371F151B50C702E0110835C71577D96C5BB24D59FA2F4AD99686F16842996B116736110D26149E29620B522EF8D668653AB81F3C39F5BEC67A9A7FD387345AF095808EDDD811E8739E7B2481DC75F3D16E36266B13A3CCF7AACD6B1C342E9DD3D7AA43AF85814681B041259CC4290220B0C1A37CCC1D05273A4363098456A4BCD9148E82F0B438ACC3148642F8B418AA6632B98D3D15053C1BA251C2C4567F3710C85E07967817A9CF27ACCFA39360B5597D8A8030910E1B581145A889F10C9C5C9A1F0CD1C558CE76251C56F967D5574D106438CB563C1C46FE6A84C681D276885C38CC8D1753CA4FBACC871763CB2FBCCD0883B45572764C8E8717BA0156B9DA2F626ACA3EDB4373A5C589AA8360E72CE04A48968D65A2D06A2F10B3BFFCD12B50E499300EBE2E94836EF69192ADF82A7DE41CAFB10FE9FD6EA266E8A1B1729B3181B0E96E246840B6CA4B90A8FE225B92A9A8C1413B7D540E9A5D743F662AB6F3A9EC3A00909120F584DB9CD91AF1026B82E99CCFC52CFDBC0196E2FEFECA7B8A3ED78734C1DA7E224D30F9399A3FABA73E00491BB51FBD9D1351C676A9A681116A129B3D86031D120DC1E8B29B7582C48C407372A527670A640F29B8B552875EA3F17FCE40BE2B3EECF042B39B1EB2A38A8387B8842ECC05E3D15254C8E7185E3D5AFF1591CA1F1B6152E411ADDC1A2AC43A4704EB5D74232D9E924769D1745182B7CFE8AECAEFC74ED21CC2BC24CED0DE4724881C865527D00F9FA1EE452CC558B2B473E39E6FDFC3638282427A968486FA22ED2103E2E67FFAEDA9C0617FFFC429A1D051F72A423A7C18BE03FC373729A12A70D07919772799A92A70D0791BF1672809A526FDA0D22CEA60E55A9CC499FCEC8905CA25025E64B7B4C212DA8A7AE8A494095B0DFDBA272293F5DEC900CC925F8544156193EFDD836AD13FD604D9B32538AA99A718D07E91A9B652544231B9A5DAF1C2BBB9E076075CA365F3DF688A7CEAE178E9E5DEF362ABD65D673C3524FD1807E994338E4A5FB362CD157DC6429F2C679521FDF2AA9CE1B57F16A68D6B87E10E78467DF86804E74A92C872724F320984C42322F62CE24244BC9A6EE4F0978FCB3A79D9CDA5D7DB0A22927C8F2B3B766B39B78B40F1A4FF241B35FC8E534AA8F45E5EB3D58E6F18987FCC8AD9C66C80F2E9F54C8D301DE8F920D4B2044E3F05C3264685E920F892B758AFCD4BF761E37C8F310926B582700729BC94EE1E0022B9D13080D0F0ADE77269F834953609AB6C793B5602264DD12FE4CDD4A74BD769B9C85B04ABF633975D35D33ECA668EFABC621A6CE1961E99002E087A4DE398C05A4FF25E134D710AB5437F418EE9676662A46A4E3DDDC046C883E726982896A98EC126E3963A622135D2FED2620145348322307CF8A53A9C8228327AC3D018B9BCFFAE5D27216DEE219AF0FD19A3C0A22BA2014120DE1BB8A52676CBD448F3BF5C8E4B8CF4A6AB4462F2D6663261162BEA9A868132D4834C47558A624D650D2632BF5126DD70A895AFB4945862C4C7DF88CE1910830DF5414B4C1F2228D261D8E44A0F9A04227B97504E8FDA5D01174918B19972D8AD6286B6399252FE5E492E4B80DA4C323A28BD61CCE0AAF19705C675EB24142509787191F2BCF8D65D7BF92C0EF258F8D0FB1D7AC14CAF027DF5271ED2B438DB8F2F05130D39088D172D048CBA21020B2DFE15BE49891DFC4A35DED2EC557D6F56F6F61116D5A8805C24CE19ADBCFD23A17E95DD6ECAC851E355584AB1EFCDE22449BDD37391272B02ED1E7352C8AEA4F537C06F10EE227A2B730BC483FECCAEDAE444386C96DCCFDF10EBC3DEFA25F25D2E1FBBCF8B0ADFECE8B8F21A06E46F8D9C187F4A75D1487B4DFE78AAB2A0D04DEF7930B443C9725BE48DC3C51A42B2997840E88B08F1E57F09B961881151FD21578802E7DFB54C0F77003D64F4D68831EA47F2278B62FDE46609383A420186D7BF42B92E13079FCE17FACA8E0E04A880000, N'6.1.3-40302')
INSERT [dbo].[__MigrationHistory] ([MigrationId], [ContextKey], [Model], [ProductVersion]) VALUES (N'201601300323055_MudancaTabelaFrequencia', N'FolhaPonto.Negocio.Migrations.Configuration', 0x1F8B0800000000000400ED5D5F6FDCB8117F2FD0EF20EC535BF8BC7182435363F70E3927EEF91A3B46D609FA16D02B7A2D54A2F624AD61A3E827BB87FB48FD0A25254AE25F89A4A88D363502043645FE861CCE0CC92167FCDFDF7E5FFCF898C4C103CCF22845CBD9C9F18B5900D13A0D23B459CE76C5DD77AF673FFEF0C73F2CDE85C963F0B9AEF78AD4C32D51BE9CDD17C5F6743ECFD7F73001F97112ADB3344FEF8AE3759ACC4198CE5FBE78F1B7F9C9C91C628819C60A82C5C71D2AA20496BFE05FCF52B486DB6207E2CB3484714ECBF19755891A5C8104E65BB086CBD9791ADF83EB1415E9F115DCA4EB289D056FE208E09EAC607C370B004269010ADCCFD34F395C15598A36AB2D2E00F1CDD316E27A7720CE21EDFF695BDD74282F5E92A1CCDB8635D47A971769620978F28AF2662E3677E2F0ACE11DE6DE3BCCE5E2898CBAE4E0727606B24D7A893926D23A3D8B33524FC5DFE372528E69DBA340AE71D448061620F2EF2838DBC5C52E834B04774506E2A3E07A771B47EB7FC0A79BF45F102DD12E8ED9BEE2DEE26F5C012EBACED22DCC8AA78FF08E8EE0229C0573BEDD5C6CD83463DA5483BB40C5AB97B3E00A1307B7316C448161C4AA4833F8778860060A185E83A280192218B064A6445DA0759526B0E4544D120B20D6A55970091EDF43B429EE97B3D75879CEA34718D605B4179F5084350FB729B21D94085D81876853F6512079BE43780E10C8A2349F051F615C56CAEFA36DA512C74C85CBF40BEDDD7996261FD3986F5F7FFE7283FF87051E43AAAFB34A77D9DAA29FBFA419022150F7917E54F54FF824F54DFCAEEAD762DEEA42A786700375D2130EE1595B3A699513D64FB01B04AB4D08423814868AD150986B98DD45F1501462463A2CC8899B091188BC4B4014775179E9850A0A6106D75D06D1CF706E600CEF52D4C9B7EF3DD0799F6E22E4DDBC0B445610DD830E2278C9F7BA8850ABEB67F5A82D70D7EA515B71E3552E83BFEEF0D634D22C20ED774C8221C8F55553475EEE74151DD73C03C6363575ACA5157A985BD7B265EF2F78A18BEEA235FEF6A05BA2D92A7A2677549397EE8EBAB6ACAE0CAF01A7EB8A3A4657DF7BF84C2BD9B299AE5506BD6C6AEABA492BF4F4B3AEA5EAA8F9A6885107B73D1103F0BC25EAA4C54CDFD04DC45B50344B08FE19DE44645361098285212BED528553615CE3053DAA5C017F7545C46382D90388538FD02B108D08EC11EFE734033719B80558135AE0B718310131877DF27A16ACD68020DB4BC0452E4CDF4F29B611003900A959EB8EF7398D0B9F78DC0C19C3981CAAFD6F372493DDB72F71B2DACDB9D8C96437AD9FEDF5F84758620EFC1B5A82EADB70DDC0649B4A6AEB36EA12EB12B68B94218CC321C6C2BD242AA7CEFD34927BCEF81CD0EDA2134F0B6E1684DF9EBBD9111EE3D99A1CD4EEEF0245E50D8B37FB711E255EADD163D1E558C23F8EE56A1FEB882C991F83E3B4937257275847ADAE1B3FAB73AF1B17B36AD3E966F5E22FBC86B9ED6AEC6BC532F4A774AF5782D3C549A2A9AFC351A49BD6CF32DD2BD38D736AA2779CC6CEB36EA1145D6C4E527909D1CE5124ABA6CFF2D849EBCDBA7A2C31AE7D3DC3DCCFD23886D9D8942E12B0814907153FD772B60B864EDEDFE43916C872265557E8F4BCC577E51D0A0383DBA38A019276636660518FB658B8717F96B3BF4843EDC66F74BEC56FDEC5F0C8271232560B9811B9043196881C2B5A840A5987224C750BE2FE4E084D0D1590CC464344FCF2166E2122BAD3CF6213EA8D7F43EE424349B00E7D4C5ACC19A1E991259D9B4D3BE1BD3E3746AAB86B0D0BA1EABD4634945C5FF2D5D39F7D08590FDB4DBA209C7DBF8ABC897E229D08689D46EDCC33EE5773D1D2BE75DA97ADD274600F22A461E901D828A5FFCE6C45922EF5BDAF7992BBD040424759F7848EEC7DE513586D429F7912F675AC51873B496B414C7C4B8C0C882E5E0B5B65F2D063BF2BA14197F661C9FAA7E050D643A5A7C7CCF088CF68BC5B36D1AFD412685D9B7BB06B7C37F66ED678369B906F5FA84E40A46A4F8DD9944B6F9EBC0B95E4186A2930EEC53D8895D091BDCB95C06A13FACC43EC3D4856E58E207E19DC0266B57411571929848F85C2E7F62987D4ED9653378928160474050B766799CF82D6F721EEC225B9E20178C7A50423486D1F18FB0656C6E28EB33D506D308684C36C0BFB408447A33294B8BBE8012C4D930AA8B5E83D08540655188CFEF68010BFAB0AA176E50ACD1901554E7CFBEA80A9D9F1BA5AD41D337759330851E8245D34738F3178B516886E607EE0264CD1BE9A5270C6C8F563E7FC6179C4EA52178BFA9C3D867C77E096F468456652A7BFC2C863C174BFB5091DFCD07928461117F5CB983E2D521EC12D0EE1C335493C741B30D9453EBA5E1B2864C5F434697D9E6487272C095D9264707E1C4FB9D477D87DA2A53A01999F81860B9670E66100EBA5D333639A9BD43ECE2837F2165BF9E1BC11B7EE0C62BB2B30664F7DDFD56C309B6F8B7915954E0B16734DF8FAE2126CB711DA30E1ECB4245855B1EC67DFADEC83BC930A63BECE15B1DE4D6F1B4A459A810D14BE92FBCC109E47595E906762B780DCF69D8589548DDB4E6B364D35296EC72C4F5ABD97AAAB939F993D3B7FFF5D6FAFE563076D7E8E479590B34B797B2C2E3EAA9601C92600629029EEAACFD2789720FD294ADF9A89F766419862196B311706211D96246E09522BF2DE686638B51A383FFCB9C57E967ADA8F3357CD35010BA1BD3BD0E330E75C16A9E3F8ABC7625CCC2C5687E7598FD53A765828BDBB478F54851F8B026D8340638B59085A6481D1440E73304DA939521B1ACC22B5A5E64834F89785A145E61834B697C5A045D3B115CCE968A8A960DD120E96A2B3F9388642F0BCB3403D4E793D66F51C9B85AA4A6CD4810688F0DA400BAD7198200E0520F3D542B08518314EC2856F96A80A301B0C31DE8E0513BF99A332E1759CB0E50EB32247D8F190EEFC9363ED7864F1AB759F955D9D90316B8EDC032D59EB18B537631D6DA7BDD9E142D344B571907326284D44B3D66A31188D5FDCF96F96A855589A0458154F47B2796FCB50F916BCF50E52DE87F0FFB45ED7B153DCB86899C5D848C0143722526023CD6588142FC965D164A498BAAE064A6F7345642FB6FAA6E3390DEAB020F1905597DB1CFB726182AB92C9CC6FE37D1B38C3ED059EFD1477B41D6F8E1BE7A938C9CD87C9CC5175E5397082E8FDA8FDECE81A8E333575C4088B5097596CB09888106E8FC5945B2C1634EA831B152D3B385320F9CEC52A0DF5C6872EF8CA17D46FDD9F0F5672645755486071FA1085C489BD7ACA0B981C930AC7AB5FE3B338C2E36D2B5C0214DDC1BCA8C2A44866B5D7424AD9E9A4779DE779182BFCFE8A1CAFFC74ED21D42B224CED0DE6724884C8E5537D00D9FA1E6452DC558B2B473F3966FFFC3638282428296948EFA22E50081F97B37F976D4E838B7F7EA1CD8E820F19D691D3E045F09FE199394D89370D079197327A9A926F1A0E227F2D640235A55EB71B449C4D20AA5299933E9D9121B974A14ACC97F6984272504F5D1553812A61BFB745E5127FBAD82119924BF3A9822CF37CFAB16D5A47FAC19A3665B6145335E31A0FD23536D34A88473634C75E315E8E3D0FD0EA4470BE803DE2A973EC85A3E7D8BB8D0A6FF9F5DCB0D4B9F506F4CB1CC2213BDDB7618BBEE2364B913DCE93FAF8564975F6B892574373C7F58338A73DFB360474A28B65313C2D9907C164D292791173262D19A2DBBA3F25E0F1CF9EF6726A87F5C18AA69C26CBCFEE9ACD71E2D13E687CC907CD7E21A3D3A85E1695B7F76099C7A71FF223B772B2213FB87C6A214F47783F4A362C8D50138DE7922743F39E7C4874A953FCA7FECDF3B8A19E879062C33A0D90DB4C760A07175EE99C46687868F0BEF3F91C4CB202D3E43D9EAC051327EB96F667EA56A2EBBDDBE42C8455121ECBA99BEE9A6137457B5F350E3181CE084B8714063F2401CF612C20FD6F09A7B9865825BC698EE16EC967A662443A5ECE4DC086E8E3972698AE86C931E19639662A32D1F5D66E0242318554337208AD38958A5C3264C2DA13B0B8F9ACDE2E2D67E12D99F1EA10ADC9A620A20B4221D110BEAB287546D84BF4B8538F4C8EFBACA4D6D4E8A5C56CCC2442CC3715156DBA058986B80ECB94C41A4A7A6CA55EA2ED5A21516B3FA9C8D085A90F9F313C1201E69B8A8236645EA45127C59108D41F54E834C38E00BDBF443A822E7291E3B245D11A65364EB13393D3F452E5B80DA4C323A28BD91CCE0AAF79705C675EB24142589787191F2BDB8D65D7BF92C0EF259B8D0FB1D7AC14CA0028DF5271ED2B4F8DB8F2F07130D39088D132D148CBA21022B2DFE15B649A915FC5E35DED0E912BEBEAB7B7308F362DC4026322B8E6F6B34D9D0B7497D63B6BA1477515E1AA87BCB708F166F74D86851CAC0BFC790DF3BCFC03159F41BC83E491E82D0C2FD0875DB1DD1578C830B98DB93FE141B6E75DF4CB743A7C9F171FB6E55F7BF13104DCCD883C3BF8807EDA4571D8F4FB5C7155A58120FB7E7A8148E6B22017899BA706E94ACA28A103A2EC6B8E2BE44D4B8CC1F20F68051EA04BDF3EE5F03DDC80F5531DDCA007E99F089EED8BB711D86420C92946DB1EFF8A65384C1E7FF81FA078CAC452880000, N'6.1.3-40302')
/****** Object:  Table [dbo].[Jornadas]    Script Date: 01/30/2016 16:49:17 ******/
SET ANSI_NULLS ON
GO
SET QUOTED_IDENTIFIER ON
GO
CREATE TABLE [dbo].[Jornadas](
	[Id] [int] IDENTITY(1,1) NOT NULL,
	[CargoId] [int] NOT NULL,
	[HoraEntrada] [time](7) NOT NULL,
	[HoraSaida] [time](7) NOT NULL,
	[TempoIntervalo] [int] NOT NULL,
	[TempoMeta] [int] NOT NULL,
 CONSTRAINT [PK_dbo.Jornadas] PRIMARY KEY CLUSTERED 
(
	[Id] ASC
)WITH (PAD_INDEX  = OFF, STATISTICS_NORECOMPUTE  = OFF, IGNORE_DUP_KEY = OFF, ALLOW_ROW_LOCKS  = ON, ALLOW_PAGE_LOCKS  = ON) ON [PRIMARY]
) ON [PRIMARY]
GO
SET IDENTITY_INSERT [dbo].[Jornadas] ON
INSERT [dbo].[Jornadas] ([Id], [CargoId], [HoraEntrada], [HoraSaida], [TempoIntervalo], [TempoMeta]) VALUES (1, 3, CAST(0x070040230E430000 AS Time), CAST(0x0700CA2E71770000 AS Time), 15, 120)
INSERT [dbo].[Jornadas] ([Id], [CargoId], [HoraEntrada], [HoraSaida], [TempoIntervalo], [TempoMeta]) VALUES (2, 3, CAST(0x070010ACD1530000 AS Time), CAST(0x07009AB734880000 AS Time), 15, 120)
INSERT [dbo].[Jornadas] ([Id], [CargoId], [HoraEntrada], [HoraSaida], [TempoIntervalo], [TempoMeta]) VALUES (3, 4, CAST(0x070040230E430000 AS Time), CAST(0x070050CFDF960000 AS Time), 120, 160)
INSERT [dbo].[Jornadas] ([Id], [CargoId], [HoraEntrada], [HoraSaida], [TempoIntervalo], [TempoMeta]) VALUES (4, 4, CAST(0x070040230E430000 AS Time), CAST(0x0700E80A7E8E0000 AS Time), 60, 160)
INSERT [dbo].[Jornadas] ([Id], [CargoId], [HoraEntrada], [HoraSaida], [TempoIntervalo], [TempoMeta]) VALUES (5, 4, CAST(0x0700A8E76F4B0000 AS Time), CAST(0x070050CFDF960000 AS Time), 60, 160)
INSERT [dbo].[Jornadas] ([Id], [CargoId], [HoraEntrada], [HoraSaida], [TempoIntervalo], [TempoMeta]) VALUES (6, 5, CAST(0x0700D85EAC3A0000 AS Time), CAST(0x0700626A0F6F0000 AS Time), 15, 120)
INSERT [dbo].[Jornadas] ([Id], [CargoId], [HoraEntrada], [HoraSaida], [TempoIntervalo], [TempoMeta]) VALUES (7, 5, CAST(0x070048F9F66C0000 AS Time), CAST(0x0700D2045AA10000 AS Time), 15, 120)
SET IDENTITY_INSERT [dbo].[Jornadas] OFF
/****** Object:  Table [dbo].[Funcionarios]    Script Date: 01/30/2016 16:49:17 ******/
SET ANSI_NULLS ON
GO
SET QUOTED_IDENTIFIER ON
GO
SET ANSI_PADDING ON
GO
CREATE TABLE [dbo].[Funcionarios](
	[Id] [int] IDENTITY(1,1) NOT NULL,
	[CargoId] [int] NOT NULL,
	[UnidadeId] [int] NOT NULL,
	[JornadaId] [int] NOT NULL,
	[PerfilId] [int] NOT NULL,
	[Nome] [varchar](180) NULL,
	[Email] [varchar](120) NULL,
	[Endereco] [varchar](180) NULL,
	[Telefone] [varchar](15) NULL,
	[Login] [varchar](80) NULL,
	[Senha] [varchar](200) NULL,
 CONSTRAINT [PK_dbo.Funcionarios] PRIMARY KEY CLUSTERED 
(
	[Id] ASC
)WITH (PAD_INDEX  = OFF, STATISTICS_NORECOMPUTE  = OFF, IGNORE_DUP_KEY = OFF, ALLOW_ROW_LOCKS  = ON, ALLOW_PAGE_LOCKS  = ON) ON [PRIMARY]
) ON [PRIMARY]
GO
SET ANSI_PADDING OFF
GO
SET IDENTITY_INSERT [dbo].[Funcionarios] ON
INSERT [dbo].[Funcionarios] ([Id], [CargoId], [UnidadeId], [JornadaId], [PerfilId], [Nome], [Email], [Endereco], [Telefone], [Login], [Senha]) VALUES (1, 3, 1, 1, 3, N'Administrador', N'admin@whatever.com', N'Av Bras de Aguiar', N'98455-3698', N'admin', N'102030')
INSERT [dbo].[Funcionarios] ([Id], [CargoId], [UnidadeId], [JornadaId], [PerfilId], [Nome], [Email], [Endereco], [Telefone], [Login], [Senha]) VALUES (2, 3, 1, 2, 1, N'João da Silva Magualães', N'joao.silva@hotmail.com', N'Trav Silva Santos', N'98865-5665', N'joaosilva', N'102030')
INSERT [dbo].[Funcionarios] ([Id], [CargoId], [UnidadeId], [JornadaId], [PerfilId], [Nome], [Email], [Endereco], [Telefone], [Login], [Senha]) VALUES (3, 3, 1, 1, 1, N'Maria dos Santos Santos', N'mariasantos@gmail.com', N'Rua das Neves', N'98858-5665', N'maria.santos', N'102030')
INSERT [dbo].[Funcionarios] ([Id], [CargoId], [UnidadeId], [JornadaId], [PerfilId], [Nome], [Email], [Endereco], [Telefone], [Login], [Senha]) VALUES (4, 3, 1, 2, 1, N'Maria das Neves Oliveira', N'neves@gmail.com', N'Rua Oliveira Belo', N'98158-5665', N'neves', N'102030')
INSERT [dbo].[Funcionarios] ([Id], [CargoId], [UnidadeId], [JornadaId], [PerfilId], [Nome], [Email], [Endereco], [Telefone], [Login], [Senha]) VALUES (5, 4, 1, 3, 2, N'Marcus Henrique Alves', N'marcusalves@gmail.com', N'Rua Augusto Montenegro', N'98188-5699', N'marcus', N'102030')
INSERT [dbo].[Funcionarios] ([Id], [CargoId], [UnidadeId], [JornadaId], [PerfilId], [Nome], [Email], [Endereco], [Telefone], [Login], [Senha]) VALUES (6, 4, 1, 3, 2, N'Mario Andrade Silva', N'marioandrade@gmail.com', N'Rua Almirante Barroso', N'98488-5999', N'marioandre', N'102030')
SET IDENTITY_INSERT [dbo].[Funcionarios] OFF
/****** Object:  Table [dbo].[Justificativa]    Script Date: 01/30/2016 16:49:17 ******/
SET ANSI_NULLS ON
GO
SET QUOTED_IDENTIFIER ON
GO
CREATE TABLE [dbo].[Justificativa](
	[Id] [int] IDENTITY(1,1) NOT NULL,
	[FuncionarioId] [int] NOT NULL,
	[Data] [datetime] NOT NULL,
	[Inicio] [time](7) NOT NULL,
	[Fim] [time](7) NOT NULL,
	[Texto] [nvarchar](max) NULL,
 CONSTRAINT [PK_dbo.Justificativa] PRIMARY KEY CLUSTERED 
(
	[Id] ASC
)WITH (PAD_INDEX  = OFF, STATISTICS_NORECOMPUTE  = OFF, IGNORE_DUP_KEY = OFF, ALLOW_ROW_LOCKS  = ON, ALLOW_PAGE_LOCKS  = ON) ON [PRIMARY]
) ON [PRIMARY] TEXTIMAGE_ON [PRIMARY]
GO
/****** Object:  Table [dbo].[Frequencia]    Script Date: 01/30/2016 16:49:17 ******/
SET ANSI_NULLS ON
GO
SET QUOTED_IDENTIFIER ON
GO
CREATE TABLE [dbo].[Frequencia](
	[Id] [int] IDENTITY(1,1) NOT NULL,
	[FuncionarioId] [int] NOT NULL,
	[Data] [date] NOT NULL,
	[Entrada] [time](7) NOT NULL,
	[SaidaIntervalo] [time](7) NOT NULL,
	[Saida] [time](7) NOT NULL,
	[HoraTrabalhada] [decimal](18, 2) NOT NULL,
	[IsEntrada] [bit] NOT NULL,
	[IsSaidaIntervalo] [bit] NOT NULL,
	[IsVoltaIntervalo] [bit] NOT NULL,
	[IsSaida] [bit] NOT NULL,
	[EntradaIntervalo] [time](7) NOT NULL,
 CONSTRAINT [PK_dbo.Frequencia] PRIMARY KEY CLUSTERED 
(
	[Id] ASC
)WITH (PAD_INDEX  = OFF, STATISTICS_NORECOMPUTE  = OFF, IGNORE_DUP_KEY = OFF, ALLOW_ROW_LOCKS  = ON, ALLOW_PAGE_LOCKS  = ON) ON [PRIMARY]
) ON [PRIMARY]
GO
SET IDENTITY_INSERT [dbo].[Frequencia] ON
INSERT [dbo].[Frequencia] ([Id], [FuncionarioId], [Data], [Entrada], [SaidaIntervalo], [Saida], [HoraTrabalhada], [IsEntrada], [IsSaidaIntervalo], [IsVoltaIntervalo], [IsSaida], [EntradaIntervalo]) VALUES (16, 1, CAST(0xDE3A0B00 AS Date), CAST(0x070040230E430000 AS Time), CAST(0x0700C6C37C620000 AS Time), CAST(0x0700CA2E71770000 AS Time), CAST(6.00 AS Decimal(18, 2)), 1, 1, 1, 1, CAST(0x0700AC5264600000 AS Time))
INSERT [dbo].[Frequencia] ([Id], [FuncionarioId], [Data], [Entrada], [SaidaIntervalo], [Saida], [HoraTrabalhada], [IsEntrada], [IsSaidaIntervalo], [IsVoltaIntervalo], [IsSaida], [EntradaIntervalo]) VALUES (17, 1, CAST(0xDF3A0B00 AS Date), CAST(0x070040230E430000 AS Time), CAST(0x0700C6C37C620000 AS Time), CAST(0x0700CA2E71770000 AS Time), CAST(6.00 AS Decimal(18, 2)), 1, 1, 1, 1, CAST(0x0700AC5264600000 AS Time))
INSERT [dbo].[Frequencia] ([Id], [FuncionarioId], [Data], [Entrada], [SaidaIntervalo], [Saida], [HoraTrabalhada], [IsEntrada], [IsSaidaIntervalo], [IsVoltaIntervalo], [IsSaida], [EntradaIntervalo]) VALUES (18, 1, CAST(0xE03A0B00 AS Date), CAST(0x070040230E430000 AS Time), CAST(0x0700C6C37C620000 AS Time), CAST(0x0700CA2E71770000 AS Time), CAST(6.00 AS Decimal(18, 2)), 1, 1, 1, 1, CAST(0x0700AC5264600000 AS Time))
INSERT [dbo].[Frequencia] ([Id], [FuncionarioId], [Data], [Entrada], [SaidaIntervalo], [Saida], [HoraTrabalhada], [IsEntrada], [IsSaidaIntervalo], [IsVoltaIntervalo], [IsSaida], [EntradaIntervalo]) VALUES (19, 1, CAST(0xE13A0B00 AS Date), CAST(0x070040230E430000 AS Time), CAST(0x0700C6C37C620000 AS Time), CAST(0x0700CA2E71770000 AS Time), CAST(6.00 AS Decimal(18, 2)), 1, 1, 1, 1, CAST(0x0700AC5264600000 AS Time))
INSERT [dbo].[Frequencia] ([Id], [FuncionarioId], [Data], [Entrada], [SaidaIntervalo], [Saida], [HoraTrabalhada], [IsEntrada], [IsSaidaIntervalo], [IsVoltaIntervalo], [IsSaida], [EntradaIntervalo]) VALUES (20, 1, CAST(0xE23A0B00 AS Date), CAST(0x070040230E430000 AS Time), CAST(0x0700C6C37C620000 AS Time), CAST(0x0700CA2E71770000 AS Time), CAST(6.00 AS Decimal(18, 2)), 1, 1, 1, 1, CAST(0x0700AC5264600000 AS Time))
INSERT [dbo].[Frequencia] ([Id], [FuncionarioId], [Data], [Entrada], [SaidaIntervalo], [Saida], [HoraTrabalhada], [IsEntrada], [IsSaidaIntervalo], [IsVoltaIntervalo], [IsSaida], [EntradaIntervalo]) VALUES (21, 1, CAST(0xE53A0B00 AS Date), CAST(0x070040230E430000 AS Time), CAST(0x0700C6C37C620000 AS Time), CAST(0x0700CA2E71770000 AS Time), CAST(6.00 AS Decimal(18, 2)), 1, 1, 1, 1, CAST(0x0700AC5264600000 AS Time))
INSERT [dbo].[Frequencia] ([Id], [FuncionarioId], [Data], [Entrada], [SaidaIntervalo], [Saida], [HoraTrabalhada], [IsEntrada], [IsSaidaIntervalo], [IsVoltaIntervalo], [IsSaida], [EntradaIntervalo]) VALUES (22, 1, CAST(0xE63A0B00 AS Date), CAST(0x070040230E430000 AS Time), CAST(0x0700C6C37C620000 AS Time), CAST(0x0700CA2E71770000 AS Time), CAST(6.00 AS Decimal(18, 2)), 1, 1, 1, 1, CAST(0x0700AC5264600000 AS Time))
INSERT [dbo].[Frequencia] ([Id], [FuncionarioId], [Data], [Entrada], [SaidaIntervalo], [Saida], [HoraTrabalhada], [IsEntrada], [IsSaidaIntervalo], [IsVoltaIntervalo], [IsSaida], [EntradaIntervalo]) VALUES (23, 1, CAST(0xE73A0B00 AS Date), CAST(0x070040230E430000 AS Time), CAST(0x0700C6C37C620000 AS Time), CAST(0x0700CA2E71770000 AS Time), CAST(6.00 AS Decimal(18, 2)), 1, 1, 1, 1, CAST(0x0700AC5264600000 AS Time))
INSERT [dbo].[Frequencia] ([Id], [FuncionarioId], [Data], [Entrada], [SaidaIntervalo], [Saida], [HoraTrabalhada], [IsEntrada], [IsSaidaIntervalo], [IsVoltaIntervalo], [IsSaida], [EntradaIntervalo]) VALUES (24, 1, CAST(0xE83A0B00 AS Date), CAST(0x070040230E430000 AS Time), CAST(0x0700C6C37C620000 AS Time), CAST(0x0700CA2E71770000 AS Time), CAST(6.00 AS Decimal(18, 2)), 1, 1, 1, 1, CAST(0x0700AC5264600000 AS Time))
INSERT [dbo].[Frequencia] ([Id], [FuncionarioId], [Data], [Entrada], [SaidaIntervalo], [Saida], [HoraTrabalhada], [IsEntrada], [IsSaidaIntervalo], [IsVoltaIntervalo], [IsSaida], [EntradaIntervalo]) VALUES (25, 1, CAST(0xE93A0B00 AS Date), CAST(0x070040230E430000 AS Time), CAST(0x0700C6C37C620000 AS Time), CAST(0x0700CA2E71770000 AS Time), CAST(6.00 AS Decimal(18, 2)), 1, 1, 1, 1, CAST(0x0700AC5264600000 AS Time))
INSERT [dbo].[Frequencia] ([Id], [FuncionarioId], [Data], [Entrada], [SaidaIntervalo], [Saida], [HoraTrabalhada], [IsEntrada], [IsSaidaIntervalo], [IsVoltaIntervalo], [IsSaida], [EntradaIntervalo]) VALUES (26, 2, CAST(0xDE3A0B00 AS Date), CAST(0x070010ACD1530000 AS Time), CAST(0x0700626A0F6F0000 AS Time), CAST(0x07009AB734880000 AS Time), CAST(6.00 AS Decimal(18, 2)), 1, 1, 1, 1, CAST(0x070048F9F66C0000 AS Time))
INSERT [dbo].[Frequencia] ([Id], [FuncionarioId], [Data], [Entrada], [SaidaIntervalo], [Saida], [HoraTrabalhada], [IsEntrada], [IsSaidaIntervalo], [IsVoltaIntervalo], [IsSaida], [EntradaIntervalo]) VALUES (27, 2, CAST(0xDF3A0B00 AS Date), CAST(0x070010ACD1530000 AS Time), CAST(0x0700626A0F6F0000 AS Time), CAST(0x07009AB734880000 AS Time), CAST(6.00 AS Decimal(18, 2)), 1, 1, 1, 1, CAST(0x070048F9F66C0000 AS Time))
INSERT [dbo].[Frequencia] ([Id], [FuncionarioId], [Data], [Entrada], [SaidaIntervalo], [Saida], [HoraTrabalhada], [IsEntrada], [IsSaidaIntervalo], [IsVoltaIntervalo], [IsSaida], [EntradaIntervalo]) VALUES (28, 2, CAST(0xE03A0B00 AS Date), CAST(0x070010ACD1530000 AS Time), CAST(0x0700626A0F6F0000 AS Time), CAST(0x07009AB734880000 AS Time), CAST(6.00 AS Decimal(18, 2)), 1, 1, 1, 1, CAST(0x070048F9F66C0000 AS Time))
INSERT [dbo].[Frequencia] ([Id], [FuncionarioId], [Data], [Entrada], [SaidaIntervalo], [Saida], [HoraTrabalhada], [IsEntrada], [IsSaidaIntervalo], [IsVoltaIntervalo], [IsSaida], [EntradaIntervalo]) VALUES (29, 2, CAST(0xE13A0B00 AS Date), CAST(0x070010ACD1530000 AS Time), CAST(0x0700626A0F6F0000 AS Time), CAST(0x07009AB734880000 AS Time), CAST(6.00 AS Decimal(18, 2)), 1, 1, 1, 1, CAST(0x070048F9F66C0000 AS Time))
INSERT [dbo].[Frequencia] ([Id], [FuncionarioId], [Data], [Entrada], [SaidaIntervalo], [Saida], [HoraTrabalhada], [IsEntrada], [IsSaidaIntervalo], [IsVoltaIntervalo], [IsSaida], [EntradaIntervalo]) VALUES (30, 2, CAST(0xE23A0B00 AS Date), CAST(0x070010ACD1530000 AS Time), CAST(0x0700626A0F6F0000 AS Time), CAST(0x07009AB734880000 AS Time), CAST(6.00 AS Decimal(18, 2)), 1, 1, 1, 1, CAST(0x070048F9F66C0000 AS Time))
INSERT [dbo].[Frequencia] ([Id], [FuncionarioId], [Data], [Entrada], [SaidaIntervalo], [Saida], [HoraTrabalhada], [IsEntrada], [IsSaidaIntervalo], [IsVoltaIntervalo], [IsSaida], [EntradaIntervalo]) VALUES (31, 2, CAST(0xE53A0B00 AS Date), CAST(0x070010ACD1530000 AS Time), CAST(0x0700626A0F6F0000 AS Time), CAST(0x07009AB734880000 AS Time), CAST(6.00 AS Decimal(18, 2)), 1, 1, 1, 1, CAST(0x070048F9F66C0000 AS Time))
INSERT [dbo].[Frequencia] ([Id], [FuncionarioId], [Data], [Entrada], [SaidaIntervalo], [Saida], [HoraTrabalhada], [IsEntrada], [IsSaidaIntervalo], [IsVoltaIntervalo], [IsSaida], [EntradaIntervalo]) VALUES (32, 2, CAST(0xE63A0B00 AS Date), CAST(0x070010ACD1530000 AS Time), CAST(0x0700626A0F6F0000 AS Time), CAST(0x07009AB734880000 AS Time), CAST(6.00 AS Decimal(18, 2)), 1, 1, 1, 1, CAST(0x070048F9F66C0000 AS Time))
INSERT [dbo].[Frequencia] ([Id], [FuncionarioId], [Data], [Entrada], [SaidaIntervalo], [Saida], [HoraTrabalhada], [IsEntrada], [IsSaidaIntervalo], [IsVoltaIntervalo], [IsSaida], [EntradaIntervalo]) VALUES (33, 2, CAST(0xE73A0B00 AS Date), CAST(0x070010ACD1530000 AS Time), CAST(0x0700626A0F6F0000 AS Time), CAST(0x07009AB734880000 AS Time), CAST(6.00 AS Decimal(18, 2)), 1, 1, 1, 1, CAST(0x070048F9F66C0000 AS Time))
INSERT [dbo].[Frequencia] ([Id], [FuncionarioId], [Data], [Entrada], [SaidaIntervalo], [Saida], [HoraTrabalhada], [IsEntrada], [IsSaidaIntervalo], [IsVoltaIntervalo], [IsSaida], [EntradaIntervalo]) VALUES (34, 2, CAST(0xE83A0B00 AS Date), CAST(0x070010ACD1530000 AS Time), CAST(0x0700626A0F6F0000 AS Time), CAST(0x07009AB734880000 AS Time), CAST(6.00 AS Decimal(18, 2)), 1, 1, 1, 1, CAST(0x070048F9F66C0000 AS Time))
INSERT [dbo].[Frequencia] ([Id], [FuncionarioId], [Data], [Entrada], [SaidaIntervalo], [Saida], [HoraTrabalhada], [IsEntrada], [IsSaidaIntervalo], [IsVoltaIntervalo], [IsSaida], [EntradaIntervalo]) VALUES (35, 2, CAST(0xE93A0B00 AS Date), CAST(0x070010ACD1530000 AS Time), CAST(0x0700626A0F6F0000 AS Time), CAST(0x07009AB734880000 AS Time), CAST(6.00 AS Decimal(18, 2)), 1, 1, 1, 1, CAST(0x070048F9F66C0000 AS Time))
INSERT [dbo].[Frequencia] ([Id], [FuncionarioId], [Data], [Entrada], [SaidaIntervalo], [Saida], [HoraTrabalhada], [IsEntrada], [IsSaidaIntervalo], [IsVoltaIntervalo], [IsSaida], [EntradaIntervalo]) VALUES (36, 3, CAST(0xDE3A0B00 AS Date), CAST(0x070040230E430000 AS Time), CAST(0x07000A2317610000 AS Time), CAST(0x0700CA2E71770000 AS Time), CAST(6.00 AS Decimal(18, 2)), 1, 1, 1, 1, CAST(0x0700F0B1FE5E0000 AS Time))
INSERT [dbo].[Frequencia] ([Id], [FuncionarioId], [Data], [Entrada], [SaidaIntervalo], [Saida], [HoraTrabalhada], [IsEntrada], [IsSaidaIntervalo], [IsVoltaIntervalo], [IsSaida], [EntradaIntervalo]) VALUES (37, 3, CAST(0xDF3A0B00 AS Date), CAST(0x070040230E430000 AS Time), CAST(0x07000A2317610000 AS Time), CAST(0x0700CA2E71770000 AS Time), CAST(6.00 AS Decimal(18, 2)), 1, 1, 1, 1, CAST(0x0700F0B1FE5E0000 AS Time))
INSERT [dbo].[Frequencia] ([Id], [FuncionarioId], [Data], [Entrada], [SaidaIntervalo], [Saida], [HoraTrabalhada], [IsEntrada], [IsSaidaIntervalo], [IsVoltaIntervalo], [IsSaida], [EntradaIntervalo]) VALUES (38, 3, CAST(0xE03A0B00 AS Date), CAST(0x070040230E430000 AS Time), CAST(0x07000A2317610000 AS Time), CAST(0x0700CA2E71770000 AS Time), CAST(6.00 AS Decimal(18, 2)), 1, 1, 1, 1, CAST(0x0700F0B1FE5E0000 AS Time))
INSERT [dbo].[Frequencia] ([Id], [FuncionarioId], [Data], [Entrada], [SaidaIntervalo], [Saida], [HoraTrabalhada], [IsEntrada], [IsSaidaIntervalo], [IsVoltaIntervalo], [IsSaida], [EntradaIntervalo]) VALUES (39, 3, CAST(0xE13A0B00 AS Date), CAST(0x070040230E430000 AS Time), CAST(0x07000A2317610000 AS Time), CAST(0x0700CA2E71770000 AS Time), CAST(6.00 AS Decimal(18, 2)), 1, 1, 1, 1, CAST(0x0700F0B1FE5E0000 AS Time))
INSERT [dbo].[Frequencia] ([Id], [FuncionarioId], [Data], [Entrada], [SaidaIntervalo], [Saida], [HoraTrabalhada], [IsEntrada], [IsSaidaIntervalo], [IsVoltaIntervalo], [IsSaida], [EntradaIntervalo]) VALUES (40, 3, CAST(0xE23A0B00 AS Date), CAST(0x070040230E430000 AS Time), CAST(0x07000A2317610000 AS Time), CAST(0x0700CA2E71770000 AS Time), CAST(6.00 AS Decimal(18, 2)), 1, 1, 1, 1, CAST(0x0700F0B1FE5E0000 AS Time))
INSERT [dbo].[Frequencia] ([Id], [FuncionarioId], [Data], [Entrada], [SaidaIntervalo], [Saida], [HoraTrabalhada], [IsEntrada], [IsSaidaIntervalo], [IsVoltaIntervalo], [IsSaida], [EntradaIntervalo]) VALUES (41, 3, CAST(0xE53A0B00 AS Date), CAST(0x070040230E430000 AS Time), CAST(0x07000A2317610000 AS Time), CAST(0x0700CA2E71770000 AS Time), CAST(6.00 AS Decimal(18, 2)), 1, 1, 1, 1, CAST(0x0700F0B1FE5E0000 AS Time))
INSERT [dbo].[Frequencia] ([Id], [FuncionarioId], [Data], [Entrada], [SaidaIntervalo], [Saida], [HoraTrabalhada], [IsEntrada], [IsSaidaIntervalo], [IsVoltaIntervalo], [IsSaida], [EntradaIntervalo]) VALUES (42, 3, CAST(0xE63A0B00 AS Date), CAST(0x070040230E430000 AS Time), CAST(0x07000A2317610000 AS Time), CAST(0x0700CA2E71770000 AS Time), CAST(6.00 AS Decimal(18, 2)), 1, 1, 1, 1, CAST(0x0700F0B1FE5E0000 AS Time))
INSERT [dbo].[Frequencia] ([Id], [FuncionarioId], [Data], [Entrada], [SaidaIntervalo], [Saida], [HoraTrabalhada], [IsEntrada], [IsSaidaIntervalo], [IsVoltaIntervalo], [IsSaida], [EntradaIntervalo]) VALUES (43, 3, CAST(0xE73A0B00 AS Date), CAST(0x070040230E430000 AS Time), CAST(0x07000A2317610000 AS Time), CAST(0x0700CA2E71770000 AS Time), CAST(6.00 AS Decimal(18, 2)), 1, 1, 1, 1, CAST(0x0700F0B1FE5E0000 AS Time))
INSERT [dbo].[Frequencia] ([Id], [FuncionarioId], [Data], [Entrada], [SaidaIntervalo], [Saida], [HoraTrabalhada], [IsEntrada], [IsSaidaIntervalo], [IsVoltaIntervalo], [IsSaida], [EntradaIntervalo]) VALUES (44, 3, CAST(0xE83A0B00 AS Date), CAST(0x070040230E430000 AS Time), CAST(0x07000A2317610000 AS Time), CAST(0x0700CA2E71770000 AS Time), CAST(6.00 AS Decimal(18, 2)), 1, 1, 1, 1, CAST(0x0700F0B1FE5E0000 AS Time))
INSERT [dbo].[Frequencia] ([Id], [FuncionarioId], [Data], [Entrada], [SaidaIntervalo], [Saida], [HoraTrabalhada], [IsEntrada], [IsSaidaIntervalo], [IsVoltaIntervalo], [IsSaida], [EntradaIntervalo]) VALUES (45, 3, CAST(0xE93A0B00 AS Date), CAST(0x070040230E430000 AS Time), CAST(0x07000A2317610000 AS Time), CAST(0x0700CA2E71770000 AS Time), CAST(6.00 AS Decimal(18, 2)), 1, 1, 1, 1, CAST(0x0700F0B1FE5E0000 AS Time))
INSERT [dbo].[Frequencia] ([Id], [FuncionarioId], [Data], [Entrada], [SaidaIntervalo], [Saida], [HoraTrabalhada], [IsEntrada], [IsSaidaIntervalo], [IsVoltaIntervalo], [IsSaida], [EntradaIntervalo]) VALUES (46, 4, CAST(0xDE3A0B00 AS Date), CAST(0x070010ACD1530000 AS Time), CAST(0x07001E0B75700000 AS Time), CAST(0x07009AB734880000 AS Time), CAST(6.00 AS Decimal(18, 2)), 1, 1, 1, 1, CAST(0x0700049A5C6E0000 AS Time))
INSERT [dbo].[Frequencia] ([Id], [FuncionarioId], [Data], [Entrada], [SaidaIntervalo], [Saida], [HoraTrabalhada], [IsEntrada], [IsSaidaIntervalo], [IsVoltaIntervalo], [IsSaida], [EntradaIntervalo]) VALUES (47, 4, CAST(0xDF3A0B00 AS Date), CAST(0x070010ACD1530000 AS Time), CAST(0x07001E0B75700000 AS Time), CAST(0x07009AB734880000 AS Time), CAST(6.00 AS Decimal(18, 2)), 1, 1, 1, 1, CAST(0x0700049A5C6E0000 AS Time))
INSERT [dbo].[Frequencia] ([Id], [FuncionarioId], [Data], [Entrada], [SaidaIntervalo], [Saida], [HoraTrabalhada], [IsEntrada], [IsSaidaIntervalo], [IsVoltaIntervalo], [IsSaida], [EntradaIntervalo]) VALUES (48, 4, CAST(0xE03A0B00 AS Date), CAST(0x070010ACD1530000 AS Time), CAST(0x07001E0B75700000 AS Time), CAST(0x07009AB734880000 AS Time), CAST(6.00 AS Decimal(18, 2)), 1, 1, 1, 1, CAST(0x0700049A5C6E0000 AS Time))
INSERT [dbo].[Frequencia] ([Id], [FuncionarioId], [Data], [Entrada], [SaidaIntervalo], [Saida], [HoraTrabalhada], [IsEntrada], [IsSaidaIntervalo], [IsVoltaIntervalo], [IsSaida], [EntradaIntervalo]) VALUES (49, 4, CAST(0xE13A0B00 AS Date), CAST(0x070010ACD1530000 AS Time), CAST(0x07001E0B75700000 AS Time), CAST(0x07009AB734880000 AS Time), CAST(6.00 AS Decimal(18, 2)), 1, 1, 1, 1, CAST(0x0700049A5C6E0000 AS Time))
INSERT [dbo].[Frequencia] ([Id], [FuncionarioId], [Data], [Entrada], [SaidaIntervalo], [Saida], [HoraTrabalhada], [IsEntrada], [IsSaidaIntervalo], [IsVoltaIntervalo], [IsSaida], [EntradaIntervalo]) VALUES (50, 4, CAST(0xE23A0B00 AS Date), CAST(0x070010ACD1530000 AS Time), CAST(0x07001E0B75700000 AS Time), CAST(0x07009AB734880000 AS Time), CAST(6.00 AS Decimal(18, 2)), 1, 1, 1, 1, CAST(0x0700049A5C6E0000 AS Time))
INSERT [dbo].[Frequencia] ([Id], [FuncionarioId], [Data], [Entrada], [SaidaIntervalo], [Saida], [HoraTrabalhada], [IsEntrada], [IsSaidaIntervalo], [IsVoltaIntervalo], [IsSaida], [EntradaIntervalo]) VALUES (51, 4, CAST(0xE53A0B00 AS Date), CAST(0x070010ACD1530000 AS Time), CAST(0x07001E0B75700000 AS Time), CAST(0x07009AB734880000 AS Time), CAST(6.00 AS Decimal(18, 2)), 1, 1, 1, 1, CAST(0x0700049A5C6E0000 AS Time))
INSERT [dbo].[Frequencia] ([Id], [FuncionarioId], [Data], [Entrada], [SaidaIntervalo], [Saida], [HoraTrabalhada], [IsEntrada], [IsSaidaIntervalo], [IsVoltaIntervalo], [IsSaida], [EntradaIntervalo]) VALUES (52, 4, CAST(0xE63A0B00 AS Date), CAST(0x070010ACD1530000 AS Time), CAST(0x07001E0B75700000 AS Time), CAST(0x07009AB734880000 AS Time), CAST(6.00 AS Decimal(18, 2)), 1, 1, 1, 1, CAST(0x0700049A5C6E0000 AS Time))
INSERT [dbo].[Frequencia] ([Id], [FuncionarioId], [Data], [Entrada], [SaidaIntervalo], [Saida], [HoraTrabalhada], [IsEntrada], [IsSaidaIntervalo], [IsVoltaIntervalo], [IsSaida], [EntradaIntervalo]) VALUES (53, 4, CAST(0xE73A0B00 AS Date), CAST(0x070010ACD1530000 AS Time), CAST(0x07001E0B75700000 AS Time), CAST(0x07009AB734880000 AS Time), CAST(6.00 AS Decimal(18, 2)), 1, 1, 1, 1, CAST(0x0700049A5C6E0000 AS Time))
INSERT [dbo].[Frequencia] ([Id], [FuncionarioId], [Data], [Entrada], [SaidaIntervalo], [Saida], [HoraTrabalhada], [IsEntrada], [IsSaidaIntervalo], [IsVoltaIntervalo], [IsSaida], [EntradaIntervalo]) VALUES (54, 4, CAST(0xE83A0B00 AS Date), CAST(0x070010ACD1530000 AS Time), CAST(0x07001E0B75700000 AS Time), CAST(0x07009AB734880000 AS Time), CAST(6.00 AS Decimal(18, 2)), 1, 1, 1, 1, CAST(0x0700049A5C6E0000 AS Time))
INSERT [dbo].[Frequencia] ([Id], [FuncionarioId], [Data], [Entrada], [SaidaIntervalo], [Saida], [HoraTrabalhada], [IsEntrada], [IsSaidaIntervalo], [IsVoltaIntervalo], [IsSaida], [EntradaIntervalo]) VALUES (55, 4, CAST(0xE93A0B00 AS Date), CAST(0x070010ACD1530000 AS Time), CAST(0x07001E0B75700000 AS Time), CAST(0x07009AB734880000 AS Time), CAST(6.00 AS Decimal(18, 2)), 1, 1, 1, 1, CAST(0x0700049A5C6E0000 AS Time))
INSERT [dbo].[Frequencia] ([Id], [FuncionarioId], [Data], [Entrada], [SaidaIntervalo], [Saida], [HoraTrabalhada], [IsEntrada], [IsSaidaIntervalo], [IsVoltaIntervalo], [IsSaida], [EntradaIntervalo]) VALUES (56, 5, CAST(0xDE3A0B00 AS Date), CAST(0x070040230E430000 AS Time), CAST(0x0700D422207F0000 AS Time), CAST(0x070050CFDF960000 AS Time), CAST(8.00 AS Decimal(18, 2)), 1, 1, 1, 1, CAST(0x0700049A5C6E0000 AS Time))
INSERT [dbo].[Frequencia] ([Id], [FuncionarioId], [Data], [Entrada], [SaidaIntervalo], [Saida], [HoraTrabalhada], [IsEntrada], [IsSaidaIntervalo], [IsVoltaIntervalo], [IsSaida], [EntradaIntervalo]) VALUES (57, 5, CAST(0xDF3A0B00 AS Date), CAST(0x070040230E430000 AS Time), CAST(0x0700D422207F0000 AS Time), CAST(0x070050CFDF960000 AS Time), CAST(8.00 AS Decimal(18, 2)), 1, 1, 1, 1, CAST(0x0700049A5C6E0000 AS Time))
INSERT [dbo].[Frequencia] ([Id], [FuncionarioId], [Data], [Entrada], [SaidaIntervalo], [Saida], [HoraTrabalhada], [IsEntrada], [IsSaidaIntervalo], [IsVoltaIntervalo], [IsSaida], [EntradaIntervalo]) VALUES (58, 5, CAST(0xE03A0B00 AS Date), CAST(0x070040230E430000 AS Time), CAST(0x0700D422207F0000 AS Time), CAST(0x070050CFDF960000 AS Time), CAST(8.00 AS Decimal(18, 2)), 1, 1, 1, 1, CAST(0x0700049A5C6E0000 AS Time))
INSERT [dbo].[Frequencia] ([Id], [FuncionarioId], [Data], [Entrada], [SaidaIntervalo], [Saida], [HoraTrabalhada], [IsEntrada], [IsSaidaIntervalo], [IsVoltaIntervalo], [IsSaida], [EntradaIntervalo]) VALUES (59, 5, CAST(0xE13A0B00 AS Date), CAST(0x070040230E430000 AS Time), CAST(0x0700D422207F0000 AS Time), CAST(0x070050CFDF960000 AS Time), CAST(8.00 AS Decimal(18, 2)), 1, 1, 1, 1, CAST(0x0700049A5C6E0000 AS Time))
INSERT [dbo].[Frequencia] ([Id], [FuncionarioId], [Data], [Entrada], [SaidaIntervalo], [Saida], [HoraTrabalhada], [IsEntrada], [IsSaidaIntervalo], [IsVoltaIntervalo], [IsSaida], [EntradaIntervalo]) VALUES (60, 5, CAST(0xE23A0B00 AS Date), CAST(0x070040230E430000 AS Time), CAST(0x0700D422207F0000 AS Time), CAST(0x070050CFDF960000 AS Time), CAST(8.00 AS Decimal(18, 2)), 1, 1, 1, 1, CAST(0x0700049A5C6E0000 AS Time))
INSERT [dbo].[Frequencia] ([Id], [FuncionarioId], [Data], [Entrada], [SaidaIntervalo], [Saida], [HoraTrabalhada], [IsEntrada], [IsSaidaIntervalo], [IsVoltaIntervalo], [IsSaida], [EntradaIntervalo]) VALUES (61, 5, CAST(0xE53A0B00 AS Date), CAST(0x070040230E430000 AS Time), CAST(0x0700D422207F0000 AS Time), CAST(0x070050CFDF960000 AS Time), CAST(8.00 AS Decimal(18, 2)), 1, 1, 1, 1, CAST(0x0700049A5C6E0000 AS Time))
INSERT [dbo].[Frequencia] ([Id], [FuncionarioId], [Data], [Entrada], [SaidaIntervalo], [Saida], [HoraTrabalhada], [IsEntrada], [IsSaidaIntervalo], [IsVoltaIntervalo], [IsSaida], [EntradaIntervalo]) VALUES (62, 5, CAST(0xE63A0B00 AS Date), CAST(0x070040230E430000 AS Time), CAST(0x0700D422207F0000 AS Time), CAST(0x070050CFDF960000 AS Time), CAST(8.00 AS Decimal(18, 2)), 1, 1, 1, 1, CAST(0x0700049A5C6E0000 AS Time))
INSERT [dbo].[Frequencia] ([Id], [FuncionarioId], [Data], [Entrada], [SaidaIntervalo], [Saida], [HoraTrabalhada], [IsEntrada], [IsSaidaIntervalo], [IsVoltaIntervalo], [IsSaida], [EntradaIntervalo]) VALUES (63, 5, CAST(0xE73A0B00 AS Date), CAST(0x070040230E430000 AS Time), CAST(0x0700D422207F0000 AS Time), CAST(0x070050CFDF960000 AS Time), CAST(8.00 AS Decimal(18, 2)), 1, 1, 1, 1, CAST(0x0700049A5C6E0000 AS Time))
INSERT [dbo].[Frequencia] ([Id], [FuncionarioId], [Data], [Entrada], [SaidaIntervalo], [Saida], [HoraTrabalhada], [IsEntrada], [IsSaidaIntervalo], [IsVoltaIntervalo], [IsSaida], [EntradaIntervalo]) VALUES (64, 5, CAST(0xE83A0B00 AS Date), CAST(0x070040230E430000 AS Time), CAST(0x0700D422207F0000 AS Time), CAST(0x070050CFDF960000 AS Time), CAST(8.00 AS Decimal(18, 2)), 1, 1, 1, 1, CAST(0x0700049A5C6E0000 AS Time))
INSERT [dbo].[Frequencia] ([Id], [FuncionarioId], [Data], [Entrada], [SaidaIntervalo], [Saida], [HoraTrabalhada], [IsEntrada], [IsSaidaIntervalo], [IsVoltaIntervalo], [IsSaida], [EntradaIntervalo]) VALUES (65, 5, CAST(0xE93A0B00 AS Date), CAST(0x070040230E430000 AS Time), CAST(0x0700D422207F0000 AS Time), CAST(0x070050CFDF960000 AS Time), CAST(8.00 AS Decimal(18, 2)), 1, 1, 1, 1, CAST(0x0700049A5C6E0000 AS Time))
INSERT [dbo].[Frequencia] ([Id], [FuncionarioId], [Data], [Entrada], [SaidaIntervalo], [Saida], [HoraTrabalhada], [IsEntrada], [IsSaidaIntervalo], [IsVoltaIntervalo], [IsSaida], [EntradaIntervalo]) VALUES (66, 6, CAST(0xDE3A0B00 AS Date), CAST(0x070040230E430000 AS Time), CAST(0x0700D422207F0000 AS Time), CAST(0x070050CFDF960000 AS Time), CAST(8.00 AS Decimal(18, 2)), 1, 1, 1, 1, CAST(0x0700049A5C6E0000 AS Time))
INSERT [dbo].[Frequencia] ([Id], [FuncionarioId], [Data], [Entrada], [SaidaIntervalo], [Saida], [HoraTrabalhada], [IsEntrada], [IsSaidaIntervalo], [IsVoltaIntervalo], [IsSaida], [EntradaIntervalo]) VALUES (67, 6, CAST(0xDF3A0B00 AS Date), CAST(0x070040230E430000 AS Time), CAST(0x0700D422207F0000 AS Time), CAST(0x070050CFDF960000 AS Time), CAST(8.00 AS Decimal(18, 2)), 1, 1, 1, 1, CAST(0x0700049A5C6E0000 AS Time))
INSERT [dbo].[Frequencia] ([Id], [FuncionarioId], [Data], [Entrada], [SaidaIntervalo], [Saida], [HoraTrabalhada], [IsEntrada], [IsSaidaIntervalo], [IsVoltaIntervalo], [IsSaida], [EntradaIntervalo]) VALUES (68, 6, CAST(0xE03A0B00 AS Date), CAST(0x070040230E430000 AS Time), CAST(0x0700D422207F0000 AS Time), CAST(0x070050CFDF960000 AS Time), CAST(8.00 AS Decimal(18, 2)), 1, 1, 1, 1, CAST(0x0700049A5C6E0000 AS Time))
INSERT [dbo].[Frequencia] ([Id], [FuncionarioId], [Data], [Entrada], [SaidaIntervalo], [Saida], [HoraTrabalhada], [IsEntrada], [IsSaidaIntervalo], [IsVoltaIntervalo], [IsSaida], [EntradaIntervalo]) VALUES (69, 6, CAST(0xE13A0B00 AS Date), CAST(0x070040230E430000 AS Time), CAST(0x0700D422207F0000 AS Time), CAST(0x070050CFDF960000 AS Time), CAST(8.00 AS Decimal(18, 2)), 1, 1, 1, 1, CAST(0x0700049A5C6E0000 AS Time))
INSERT [dbo].[Frequencia] ([Id], [FuncionarioId], [Data], [Entrada], [SaidaIntervalo], [Saida], [HoraTrabalhada], [IsEntrada], [IsSaidaIntervalo], [IsVoltaIntervalo], [IsSaida], [EntradaIntervalo]) VALUES (70, 6, CAST(0xE23A0B00 AS Date), CAST(0x070040230E430000 AS Time), CAST(0x0700D422207F0000 AS Time), CAST(0x070050CFDF960000 AS Time), CAST(8.00 AS Decimal(18, 2)), 1, 1, 1, 1, CAST(0x0700049A5C6E0000 AS Time))
INSERT [dbo].[Frequencia] ([Id], [FuncionarioId], [Data], [Entrada], [SaidaIntervalo], [Saida], [HoraTrabalhada], [IsEntrada], [IsSaidaIntervalo], [IsVoltaIntervalo], [IsSaida], [EntradaIntervalo]) VALUES (71, 6, CAST(0xE53A0B00 AS Date), CAST(0x070040230E430000 AS Time), CAST(0x0700D422207F0000 AS Time), CAST(0x070050CFDF960000 AS Time), CAST(8.00 AS Decimal(18, 2)), 1, 1, 1, 1, CAST(0x0700049A5C6E0000 AS Time))
INSERT [dbo].[Frequencia] ([Id], [FuncionarioId], [Data], [Entrada], [SaidaIntervalo], [Saida], [HoraTrabalhada], [IsEntrada], [IsSaidaIntervalo], [IsVoltaIntervalo], [IsSaida], [EntradaIntervalo]) VALUES (72, 6, CAST(0xE63A0B00 AS Date), CAST(0x070040230E430000 AS Time), CAST(0x0700D422207F0000 AS Time), CAST(0x070050CFDF960000 AS Time), CAST(8.00 AS Decimal(18, 2)), 1, 1, 1, 1, CAST(0x0700049A5C6E0000 AS Time))
INSERT [dbo].[Frequencia] ([Id], [FuncionarioId], [Data], [Entrada], [SaidaIntervalo], [Saida], [HoraTrabalhada], [IsEntrada], [IsSaidaIntervalo], [IsVoltaIntervalo], [IsSaida], [EntradaIntervalo]) VALUES (73, 6, CAST(0xE73A0B00 AS Date), CAST(0x070040230E430000 AS Time), CAST(0x0700D422207F0000 AS Time), CAST(0x070050CFDF960000 AS Time), CAST(8.00 AS Decimal(18, 2)), 1, 1, 1, 1, CAST(0x0700049A5C6E0000 AS Time))
INSERT [dbo].[Frequencia] ([Id], [FuncionarioId], [Data], [Entrada], [SaidaIntervalo], [Saida], [HoraTrabalhada], [IsEntrada], [IsSaidaIntervalo], [IsVoltaIntervalo], [IsSaida], [EntradaIntervalo]) VALUES (74, 6, CAST(0xE83A0B00 AS Date), CAST(0x070040230E430000 AS Time), CAST(0x0700D422207F0000 AS Time), CAST(0x070050CFDF960000 AS Time), CAST(8.00 AS Decimal(18, 2)), 1, 1, 1, 1, CAST(0x0700049A5C6E0000 AS Time))
INSERT [dbo].[Frequencia] ([Id], [FuncionarioId], [Data], [Entrada], [SaidaIntervalo], [Saida], [HoraTrabalhada], [IsEntrada], [IsSaidaIntervalo], [IsVoltaIntervalo], [IsSaida], [EntradaIntervalo]) VALUES (75, 6, CAST(0xE93A0B00 AS Date), CAST(0x070040230E430000 AS Time), CAST(0x0700D422207F0000 AS Time), CAST(0x070050CFDF960000 AS Time), CAST(8.00 AS Decimal(18, 2)), 1, 1, 1, 1, CAST(0x0700049A5C6E0000 AS Time))
SET IDENTITY_INSERT [dbo].[Frequencia] OFF
/****** Object:  Default [DF__Frequenci__Entra__15502E78]    Script Date: 01/30/2016 16:49:17 ******/
ALTER TABLE [dbo].[Frequencia] ADD  DEFAULT ('00:00:00') FOR [EntradaIntervalo]
GO
/****** Object:  ForeignKey [FK_dbo.Frequencia_dbo.Funcionarios_FuncionarioId]    Script Date: 01/30/2016 16:49:17 ******/
ALTER TABLE [dbo].[Frequencia]  WITH CHECK ADD  CONSTRAINT [FK_dbo.Frequencia_dbo.Funcionarios_FuncionarioId] FOREIGN KEY([FuncionarioId])
REFERENCES [dbo].[Funcionarios] ([Id])
GO
ALTER TABLE [dbo].[Frequencia] CHECK CONSTRAINT [FK_dbo.Frequencia_dbo.Funcionarios_FuncionarioId]
GO
/****** Object:  ForeignKey [FK_dbo.Funcionarios_dbo.Cargos_CargoId]    Script Date: 01/30/2016 16:49:17 ******/
ALTER TABLE [dbo].[Funcionarios]  WITH CHECK ADD  CONSTRAINT [FK_dbo.Funcionarios_dbo.Cargos_CargoId] FOREIGN KEY([CargoId])
REFERENCES [dbo].[Cargos] ([Id])
GO
ALTER TABLE [dbo].[Funcionarios] CHECK CONSTRAINT [FK_dbo.Funcionarios_dbo.Cargos_CargoId]
GO
/****** Object:  ForeignKey [FK_dbo.Funcionarios_dbo.Jornadas_JornadaId]    Script Date: 01/30/2016 16:49:17 ******/
ALTER TABLE [dbo].[Funcionarios]  WITH CHECK ADD  CONSTRAINT [FK_dbo.Funcionarios_dbo.Jornadas_JornadaId] FOREIGN KEY([JornadaId])
REFERENCES [dbo].[Jornadas] ([Id])
GO
ALTER TABLE [dbo].[Funcionarios] CHECK CONSTRAINT [FK_dbo.Funcionarios_dbo.Jornadas_JornadaId]
GO
/****** Object:  ForeignKey [FK_dbo.Funcionarios_dbo.Perfil_PerfilId]    Script Date: 01/30/2016 16:49:17 ******/
ALTER TABLE [dbo].[Funcionarios]  WITH CHECK ADD  CONSTRAINT [FK_dbo.Funcionarios_dbo.Perfil_PerfilId] FOREIGN KEY([PerfilId])
REFERENCES [dbo].[Perfil] ([Id])
GO
ALTER TABLE [dbo].[Funcionarios] CHECK CONSTRAINT [FK_dbo.Funcionarios_dbo.Perfil_PerfilId]
GO
/****** Object:  ForeignKey [FK_dbo.Funcionarios_dbo.Unidades_UnidadeId]    Script Date: 01/30/2016 16:49:17 ******/
ALTER TABLE [dbo].[Funcionarios]  WITH CHECK ADD  CONSTRAINT [FK_dbo.Funcionarios_dbo.Unidades_UnidadeId] FOREIGN KEY([UnidadeId])
REFERENCES [dbo].[Unidades] ([Id])
GO
ALTER TABLE [dbo].[Funcionarios] CHECK CONSTRAINT [FK_dbo.Funcionarios_dbo.Unidades_UnidadeId]
GO
/****** Object:  ForeignKey [FK_dbo.Jornadas_dbo.Cargos_CargoId]    Script Date: 01/30/2016 16:49:17 ******/
ALTER TABLE [dbo].[Jornadas]  WITH CHECK ADD  CONSTRAINT [FK_dbo.Jornadas_dbo.Cargos_CargoId] FOREIGN KEY([CargoId])
REFERENCES [dbo].[Cargos] ([Id])
GO
ALTER TABLE [dbo].[Jornadas] CHECK CONSTRAINT [FK_dbo.Jornadas_dbo.Cargos_CargoId]
GO
/****** Object:  ForeignKey [FK_dbo.Justificativa_dbo.Funcionarios_FuncionarioId]    Script Date: 01/30/2016 16:49:17 ******/
ALTER TABLE [dbo].[Justificativa]  WITH CHECK ADD  CONSTRAINT [FK_dbo.Justificativa_dbo.Funcionarios_FuncionarioId] FOREIGN KEY([FuncionarioId])
REFERENCES [dbo].[Funcionarios] ([Id])
GO
ALTER TABLE [dbo].[Justificativa] CHECK CONSTRAINT [FK_dbo.Justificativa_dbo.Funcionarios_FuncionarioId]
GO
